name,description,image_url,zone,type,serial_numbers,unit_count
Original Prusa i3 MK3S+ Enclosure Bundle,,,3D Printing,Accessory,,1
Ultimaker Metal Expansion Kit,,,3D Printing,Accessory,,1
Ultimaker S5 Air Manager,,,3D Printing,Accessory,,1
Bambu Lab X1-Carbon Combo 3D Printer,,,3D Printing,Machine,00600A350907929; 00M00A342800191; 00M09A3C0401135,3
Form 2,,,3D Printing,Machine,PremiumMouse,1
Form 4,,,3D Printing,Machine,,1
Form Cure,,,3D Printing,Machine,OchreEmu,1
Form Wash,,,3D Printing,Machine,BlackberryPigeon,1
Matter and Form 3D Scanner,,,3D Printing,Machine,282b7fc2a79a,1
Mayku Form Box Vacuum former,,,3D Printing,Machine,,1
Mayku Formbox,,,3D Printing,Machine,,1
Prusa i3 MK3S+,,,3D Printing,Machine,23026008812.0,1
Ultimaker 3,,,3D Printing,Machine,BPP-004348-029036,1
Ultimaker 3 Extended,,,3D Printing,Machine,BPP-001701-012222,1
Ultimaker S5,,,3D Printing,Machine,BPP-019834-066374,1
BANTAM TOOLS CNC Milling Machine,,,CNC,Machine,,1
Bantam Desktop PCB Milling Machine (Othermill Pro),,,CNC,Machine,1187.0,1
Cricut Maker® 3,,,CNC,Machine,,1
Roland Camm-1 GS-24 Desktop Vinyl Cutter,,,CNC,Machine,User Manual,1
Shaper Origin,,,CNC,Machine,08DNJ,1
Shopbot Desktop Max ATC,,,CNC,Machine,,1
Shaper Workstation,,,CNC,Tool,,1
BGA Rework Station,,,Electronics,Machine,,1
DREMEL Workstation 220,,,Electronics,Machine,,1
Oscilloscope Textronix,,,Electronics,Machine,,1
SMD Rework Station,,,Electronics,Machine,,1
"Soldering Irons (Weller WESD51 , HAKKO FX-888D, AOYUE Int 2703A+)",,,Electronics,Tool,,1
Label Maker AC Adapter,,,Large Format,Accessory,,1
"HP DesignJet T630 36"" Large Format Plotter Printer",,,Large Format,Machine,,1
Bofa AD500 Fume Extractor,,,Laser Cutting,Accessory,10/12/AD500-146,1
B&W Laser Printer with Double sided Printing Remotely,,,Laser Cutting,Machine,,1
Epilog Helix 24 laser (8000 Laser System),,,Laser Cutting,Machine,8040-13124562418R,1
"Trotec Speedy 400, 80W",,,Laser Cutting,Machine,,1
Apple Pencil,,,Scanning/VR,Accessory,,1
Tripod with adapter,,,Scanning/VR,Accessory,,1
GoPro 7 Hero Black,,,Scanning/VR,Machine,,1
HP Sprout (J4W72AA#ABA),,,Scanning/VR,Machine,,1
Meta Quest 2 VR Headset,,,Scanning/VR,Machine,,1
iPad 6th generation [MR7F2LL./A],,,Scanning/VR,Machine,,1
Structure Sensor,,,Scanning/VR,Tool,,1
"EverSewn Sparrow X2 Sewing & Embroidery Machine,",,,Sewing,Machine,C21S10001502,1
Singer Stylist 7258,,,Sewing,Machine,H15308G25810711,1
4 inch to 2.5 inch Hose Coupler,,,Woodshop,Accessory,,1
7.4A Mobile Dust Extractor,,,Woodshop,Accessory,,1
DEWALT DCB107 12V/20V MAX Lithium Ion Charger,,,Woodshop,Accessory,,1
FESTOOL CT MIDI Dust Extractor,,,Woodshop,Accessory,,1
Festool 575267 Dust Extractor ct Midi Hepa,,,Woodshop,Accessory,,1
HUSKY Socket and Bit set,"Used for tightening and loosening nuts, bolts, and screws.",https://drive.google.com/thumbnail?id=1K4iMTBdvTpmeozGvQzh2Kpa85tNuvAIv&sz=w400,Woodshop,Accessory,,1
Hose Ring Clamp,,,Woodshop,Accessory,,1
MILWAUKEE Drill Bit Set,"Ideal for drilling into sheet metal, aluminum, wood, and pvc.",https://drive.google.com/thumbnail?id=1EjxjThMm05TtyEmWC_J2gCrQZUCPscU-&sz=w400,Woodshop,Accessory,,1
RYOBI ONE+ 18V Lithium-Ion 3.0 Ah Battery P103,,,Woodshop,Accessory,,1
RYOBI ONE+ 18V Lithium-Ion 4 Ah Battery PBP004,,,Woodshop,Accessory,,1
RYOBI ONE+ 18V Lithium-Ion Charger PCG002,,,Woodshop,Accessory,,1
RYOBI P117 Dual Chemistry 12V - 18V Battery Charger Replacement,,,Woodshop,Accessory,,1
RYOBI Screwdriving Bit Set,,,Woodshop,Accessory,,1
Dust Masks,,,Woodshop,Consumable,,1
Hercules Sanding Sheets,,,Woodshop,Consumable,,1
PVC Hose,,,Woodshop,Consumable,,1
Pull Saw Replacement Blades,,,Woodshop,Consumable,,1
Replacement Blades for Hack Saw,,,Woodshop,Consumable,,1
"JET 14"" Vertical Bandsaw",,,Woodshop,Machine,,1
RYOBI Drill Press,,,Woodshop,Machine,,1
Rockwell RK7323 BladeRunner X2 Portable Tabletop Saw,,,Woodshop,Machine,,1
WAZER - Waterjet Pro,,,Woodshop,Machine,,1
WAZER PRO Waterjet Cutter,,,Woodshop,Machine,,1
16oz IRWIN Claw Hammer,"Flat face used to drive nails into wood, and V-shaped claw is used to pull nails out of wood.",https://drive.google.com/thumbnail?id=1bj9Hgws2hWJwPXy3W_9c4GgC7fdKsIp2&sz=w400,Woodshop,Tool,,1
30ft Measuring Tape,,https://drive.google.com/thumbnail?id=1mR-v57Rw_3P-85R-Md7VCs0Eqme__pRU&sz=w400,Woodshop,Tool,,1
8-inch Long Nose Pliers,Used to reach or manipulate small objects such as wires or hold small bolts/screws. Center part can be used to cut gauges of wire.,https://drive.google.com/thumbnail?id=1xh8Kd7VrWAiPlqn8_jFwR_gwrTiHlNls&sz=w400,Woodshop,Tool,,1
ACE Heat Gun with 3 attachments,"Heat Gun that reaches 500F-1000F. Good for bending plastic or pvc pipes, shrink wrapping, soften stickers or vinyl wrap.",https://drive.google.com/thumbnail?id=1I8h2KzQ3MRCYG8q9eNcv1UhtmWVsFocD&sz=w400,Woodshop,Tool,,1
AIRAJ Hack Saw,"Great at cutting metal, metal pipes, plastic, PVC pipes, and metal rods. Zone: Wood Shop 101A",https://drive.google.com/thumbnail?id=1KN06NRhFd-qhSG26iN91xBvdjTU-RRSb&sz=w400,Woodshop,Tool,,1
Angled Long Nose Pliers,Allows to reach wires or objects behind obstructions without blocking the view with your hand.,https://drive.google.com/thumbnail?id=1uDSqOzUj-u83pF-bXHWSt4G6hT5gBv6V&sz=w400,Woodshop,Tool,,1
BOSCH GST 150 BCE,,,Woodshop,Tool,,1
BOSCH Jigsaw,"Good for cutting shapes in plywood, wood, sheet metal, PVC, acrylic. Slower speeds for metal and plastics to avoid overheating. Zone: 3. Studio101 A - Woodshop",https://drive.google.com/thumbnail?id=1sf_03a-tPYyXGQANI4kfsBJ35sX5o-AF&sz=w400,Woodshop,Tool,,1
Back Saw,,,Woodshop,Tool,,1
Belt Sander,,,Woodshop,Tool,,1
Bench Plane,,,Woodshop,Tool,,1
Bench top Belt & Disk Sander,,,Woodshop,Tool,,1
Block Plane,,,Woodshop,Tool,,1
Box Cutter,,https://drive.google.com/thumbnail?id=1lgx5EKxIup0WxuVUdcDWZuAbbcACaKvo&sz=w400,Woodshop,Tool,,1
CALIFORNIA AIR TOOLS  Ultra Quiet Air Compressor 10020 CAD,,,Woodshop,Tool,,1
Cowryman Router Plane,,,Woodshop,Tool,,1
Cross Screwdrivers (Cross shaped screws),The different sizes in length and tip size will be useful to tighten hard to reach screws and different screw sizes respectively.,https://drive.google.com/thumbnail?id=1Cq_CQXd-VP2hqSJ923viPAfsm8P9zjP5&sz=w400,Woodshop,Tool,,1
DEWALT Orbital Sander DWE6421,,,Woodshop,Tool,,1
Dead Blow Hammer,"Useful to strike surfaces without leaving dents, cracks, or marks that steel hammers would.",https://drive.google.com/thumbnail?id=13r8jYlKiTcz0xYL7imno6nITPdKUcWYO&sz=w400,Woodshop,Tool,,1
Dozuki Saw,,,Woodshop,Tool,,1
FESTOOL PS 300 EQ-PLUS TRION JIGSAW,,,Woodshop,Tool,,1
FESTOOL TS 55 REQ-F-Plus USA Circular Saw 575387,,,Woodshop,Tool,,1
FESTOOL Trion PS 300 EQ-Plus Pendulum Jigsaw 561443,,,Woodshop,Tool,,1
Festool Bench,,,Woodshop,Tool,,1
Files,"Small files, good for smoothing out or shaping metal and wood. Different shapes have same purpose as larger files/rasp above.",https://drive.google.com/thumbnail?id=1JplIbKqVVbBma9NAbsAVSUOHaoMZTSqc&sz=w400,Woodshop,Tool,,1
Flat Screwdrivers (Flat shaped screws),Same use as Cross Screwdrivers but for flat shaped screws. Flat screwdrivers can also be used for light-duty scraping.,https://drive.google.com/thumbnail?id=1gWDWjadSxSTjQ6-SlnJVvDcwINwef9F_&sz=w400,Woodshop,Tool,,1
Groove Joint Pliers,Useful for a strong adjustable grip on large objects (might leave teeth marks),https://drive.google.com/thumbnail?id=1lhvujr6knlmpRqMae3jseXotHsWnN-JH&sz=w400,Woodshop,Tool,,1
Half-Round Rasp,"Use flat side for smoothing out flat and large outside curved surfaces, and round side for shaping holes, circles, etc.",https://drive.google.com/thumbnail?id=1nrbtP4DKmWNSf7EXKmDBkpHYTRPyzuhF&sz=w400,Woodshop,Tool,,1
Hi-Spec 16 Piece Metal Hand & Needle Files Tool Set Kit,,,Woodshop,Tool,,1
Husky Coping Saw,,,Woodshop,Tool,,1
IFIXIT Precision Screwdriver Kit,,,Woodshop,Tool,,1
Kobalt 10-Piece Variety Pack Screwdriver Set 63104,,,Woodshop,Tool,,1
Large Wood Mallet,Good for striking chisels and used to tap joints together.,https://drive.google.com/thumbnail?id=1fPwCjuXRTfiyG6RAL_Y_WJ43nfwSY5jK&sz=w400,Woodshop,Tool,,1
MAKITA  Palm Sander RT0701C,,,Woodshop,Tool,,1
MAKITA  Plunge Bass,,,Woodshop,Tool,,1
Marples Dovetail Pull Saw 7-Inch blade,"Useful for fine, clean, straight cuts in small pieces of wood.",https://drive.google.com/thumbnail?id=1fEpT11zIeRftNgY9BiNQogJgnIl1m91A&sz=w400,Woodshop,Tool,,1
Marples MPS10189 Japanese Style Pull Saw,"ONLY cuts when pulled towards you, giving clean, smooth, and precise cuts in wood. Use for small-medium sized wood.",https://drive.google.com/thumbnail?id=1-atAQ33y9uU3SGEa0mchsMp6935XDYW5&sz=w400,Woodshop,Tool,,1
Metal Snips,"Good for cutting sheet metal and other tough, thin materials such as aluminum, wire mesh, or thin plastics.",https://drive.google.com/thumbnail?id=1rJpRWBchTSfd-wxaRazcxo5z3cJ3UcVe&sz=w400,Woodshop,Tool,,1
Micro Cutters,"Used to trim excess wire, plastic parts, or thin wires. Intended for soft/small-gauge materials like copper wire or plastic.",https://drive.google.com/thumbnail?id=1Pesj3U-caHENGMPbKvUn5WwCTtx1GYa5&sz=w400,Woodshop,Tool,,1
Narex Chisel Set,,,Woodshop,Tool,,1
Plunge Cut Track Saw TS 55 REQ-F-Plus,,,Woodshop,Tool,,1
Plywood Stacking Rolling Cart,,,Woodshop,Tool,,1
RYOBI Nail Gun,,,Woodshop,Tool,,1
RYOBI P209D Drill Driver,"Useful for drilling holes in wood, plastic, and thin metal as well as putting in or taking out screws (lower speed). Zone: Woodshop",https://drive.google.com/thumbnail?id=1-Tem41i_DnfqdmJHUqjKnL8rT6iqduW8&sz=w400,Woodshop,Tool,,1
RYOBI P305 ONE+ 18V Lithium Ion Cordless Hot Glue Gun,,,Woodshop,Tool,,1
RYOBI P322 ONE+ HP 18V 18-Gauge Brushless Cordless Airstrike Brad Nailer,"Shoots small, thin nails into wood. Good for attaching light-duty wood trim without needing a hammer. Zone: Woodshop",https://drive.google.com/thumbnail?id=1-vlmt99ZzILC2Gu3wln_-NSIDBl0dAVg&sz=w400,Woodshop,Tool,,1
RYOBI P593 18-Volt ONE+ Lithium Ion Cordless PVC and Pex Cutter,,,Woodshop,Tool,,1
RYOBI PCL235 ONE+ 18V Drill/ Driver,Good to drive long screws into tough material. Zone: Woodshop,https://drive.google.com/thumbnail?id=1-TBeSEGmhJHltB-MRXBvNuXFzOsx6lxG&sz=w400,Woodshop,Tool,,1
RYOBI Vacuum Cleaner P7131,,,Woodshop,Tool,,1
Round Nose Pliers,,,Woodshop,Tool,,1
Round Rasp,Useful to make holes bigger in wood or smooth/shape inside of curved cuts and circles.,https://drive.google.com/thumbnail?id=1TqskIpKB0fMVLnxdLGvljZoiIJObA1Uw&sz=w400,Woodshop,Tool,,1
Router Plane,,,Woodshop,Tool,,1
SKIL Detail Sander,Used to smooth out corners or small curved areas on wood as well as prepare pieces for painting/staining.,https://drive.google.com/thumbnail?id=19HnGPED3hgDs1b9ADx5nsI8rjCCVY9tF&sz=w400,Woodshop,Tool,,1
SKIL Detal Sander,,,Woodshop,Tool,,1
SPEAR & JACKSON Traditional Brass Back Tenon Saw 9550B,"Good for straight, fine, precise cuts in wood. Zone: Wood Shop 101A",https://drive.google.com/thumbnail?id=13j89lNVE2xCDjJxfTsaV3h2LMhuViu4A&sz=w400,Woodshop,Tool,,1
STANLEY 20-221 10-Inch 12 Points Per Inch SharpTooth Mini Utility Saw,,,Woodshop,Tool,,1
STANLEY 20-807 10-Inch Mini-Hack Light-Duty Utility Saw,,,Woodshop,Tool,,1
STANLEY Coping Saw,Good to cut very detailed curves and sharp angles in thin pieces of wood.,https://drive.google.com/thumbnail?id=1c_hl_Ltq9mPRUYVN7-oNtq5TFoIPZq7H&sz=w400,Woodshop,Tool,,1
STANLEY FATMAX Snips (FMHT73563),,,Woodshop,Tool,,1
"STANLEY Hand Planer, Contractor Grade, Low Angle",,,Woodshop,Tool,,1
STANLEY Heavy Duty Extreme Staple Gun TR150,,,Woodshop,Tool,,1
STANLEY Saw 15-206,,,Woodshop,Tool,,1
STANLEY SharpTooth Heavy Duty Saw 15-087,,,Woodshop,Tool,,1
Scraper/Spatula,"Used for spreading, smoothing, and scraping materials  like paint, wood filler, dried glue.",https://drive.google.com/thumbnail?id=1tCpTNqnici7JayaUHjMGn8tMPN7zV17j&sz=w400,Woodshop,Tool,,1
"Screwdrivers (HALMAI, IRONCUBE, KOBALT)",,,Woodshop,Tool,,1
Small Wrench,,,Woodshop,Tool,,1
Spokeshave,,,Woodshop,Tool,,1
Square Screwdrivers (Square shaped screws),Useful for a non-slip fit and excellent for one-handed use.,https://drive.google.com/thumbnail?id=1QieQ8RMnztUEt_ZIkbq0Zlu_RX_PUd3W&sz=w400,Woodshop,Tool,,1
Stanley 1-12-137 62-Low Angle Sweetheart Jack Plane,,,Woodshop,Tool,,1
"Traditional Brass Back Tenon Saw, 12"" x 15"",",,,Woodshop,Tool,,1
Triangular File,"Used to file and smooth out tight, V-shaped grooves and shart inside corners.",https://drive.google.com/thumbnail?id=1-fLVVfeZWCQtOpTBUoMAVO4MK86g7Pdt&sz=w400,Woodshop,Tool,,1
Utility Shears,"Useful for long, continous cuts in flexible materials",https://drive.google.com/thumbnail?id=1SKNpboz8qy531_Bu3B7dqdBi9_PQw1hN&sz=w400,Woodshop,Tool,,1
Woodworking Tools & Storage Bench,,,Woodshop,Tool,,1
Wrench - up to 30mm,Tighten or loosen nuts and bolts of different sizes. (numbers on head show millimeters),https://drive.google.com/thumbnail?id=183fL7RNLzp1hicqDPhO1Uym86rZA1fJf&sz=w400,Woodshop,Tool,,1
